sensor_id,ip_address
1,175.247.235.229
2,197.41.69.142
3,13.58.18.37
4,10.157.176.133
5,86.86.59.193
6,240.234.232.181
7,246.37.192.109
8,190.80.156.243
9,129.67.218.55
10,148.87.137.27
11,35.38.109.115
12,193.236.211.85
13,114.35.93.135
14,152.117.120.42
15,117.125.87.245
16,73.246.237.128
17,118.55.130.224
18,22.100.245.144
19,21.125.17.102
20,110.62.144.174
21,232.178.36.217
22,164.117.25.113
23,21.210.118.230
24,75.120.23.238
25,48.125.95.175
26,108.241.69.50
27,29.82.123.159
28,212.23.22.102
29,54.135.48.183
30,45.16.85.160
31,109.160.174.4
32,7.216.31.216
33,230.33.42.64
34,112.48.109.213
35,124.207.39.184
36,233.41.15.27
37,13.81.133.30
38,72.94.103.102
39,244.247.109.74
40,81.87.210.126
41,214.126.254.52
42,201.69.129.193
43,153.66.68.166
44,165.236.79.59
45,184.239.147.66
46,196.44.31.237
47,221.128.151.255
48,167.116.209.112
49,194.234.191.114
50,196.49.154.118
51,146.24.164.131
52,151.62.250.220
53,79.230.112.250
54,31.200.207.211
55,21.89.213.96
56,230.115.151.212
57,56.100.201.206
58,237.27.127.102
59,78.174.133.235
60,40.7.33.79
61,37.138.101.146
62,252.189.178.163
63,147.76.68.123
64,164.98.98.146
65,25.1.98.212
66,165.180.173.83
67,159.212.9.239
68,66.252.225.229
69,40.201.231.91
70,13.74.101.5
71,251.134.134.138
72,113.179.228.191
73,13.64.175.57
74,99.171.11.78
75,47.139.93.210
76,232.24.98.126
77,126.7.131.117
78,28.123.98.253
79,240.212.100.207
80,226.89.83.204
81,195.117.113.38
82,223.104.163.57
83,4.241.156.66
84,210.26.88.119
85,190.70.200.100
86,29.141.189.97
87,191.198.254.32
88,235.177.76.112
89,52.87.80.154
90,18.205.217.198
91,184.249.8.64
92,157.127.51.39
93,35.205.101.128
94,101.99.42.152
95,82.2.235.190
96,98.145.109.197
97,162.31.109.217
98,0.255.101.218
99,100.123.234.94
100,137.142.75.200
101,56.161.104.20
102,59.164.40.48
103,114.217.42.64
104,126.90.109.213
105,150.159.236.241
106,216.23.82.106
107,198.248.100.138
108,101.218.97.199
109,28.17.167.184
110,96.69.24.233
111,159.206.52.174
112,251.14.16.230
113,234.248.231.26
114,236.214.111.193
115,89.153.34.117
116,39.139.181.105
117,88.60.28.253
118,65.187.39.193
119,49.19.102.130
120,18.155.135.61
121,13.18.62.11
122,239.227.66.126
123,19.86.96.4
124,217.207.140.21
125,237.87.100.71
126,238.49.28.117
127,203.109.11.140
128,24.112.140.218
129,7.154.181.166
130,206.22.164.29
131,185.80.109.131
132,90.186.83.201
133,195.96.91.88
134,221.164.211.173
135,114.169.145.121
136,29.62.64.53
137,188.232.120.109
138,181.205.176.224
139,88.92.15.244
140,186.139.214.143
141,65.192.160.226
142,112.168.140.214
143,219.146.16.21
144,203.148.23.223
145,42.89.84.171
146,171.126.32.210
147,14.114.133.7
148,102.87.73.211
149,154.244.125.116
150,186.185.218.212
151,80.146.43.165
152,239.248.0.105
153,143.221.150.9
154,140.183.137.229
155,210.31.80.185
156,186.21.243.21
157,134.99.94.52
158,101.183.125.83
159,196.111.79.226
160,36.30.67.250
161,230.122.219.112
162,43.86.29.5
163,98.223.192.19
164,255.142.210.254
165,67.251.135.47
166,226.44.33.238
167,118.177.224.39
168,40.0.160.192
169,78.245.74.113
170,64.147.51.19
171,235.245.14.112
172,71.26.133.127
173,89.225.245.83
174,173.141.49.77
175,153.102.107.93
176,149.44.144.44
177,232.240.197.165
178,149.209.228.83
179,19.25.8.9
180,238.236.154.237
181,45.141.168.133
182,36.23.229.217
183,16.179.41.251
184,248.23.57.226
185,25.130.175.113
186,100.36.180.154
187,33.90.193.9
188,193.120.207.8
189,187.111.226.96
190,247.62.106.223
191,185.210.50.218
192,38.76.43.28
193,78.105.253.107
194,210.123.63.245
195,242.180.7.121
196,224.226.147.96
197,97.55.127.216
198,4.114.44.191
199,244.55.161.1
200,131.20.98.236
201,99.237.224.100
202,219.126.5.44
203,34.60.154.121
204,62.0.111.3
205,230.8.242.246
206,184.53.252.124
207,198.162.133.255
208,177.99.16.185
209,127.8.7.131
210,101.206.171.234
211,16.244.135.222
212,44.212.83.229
213,92.97.66.111
214,54.1.216.35
215,221.132.243.49
216,220.63.138.196
217,222.0.248.153
218,194.25.110.130
219,116.115.250.200
220,141.228.37.40
221,174.79.189.109
222,222.188.47.26
223,112.88.97.171
224,60.138.146.72
225,50.117.190.113
226,200.214.146.207
227,18.56.240.91
228,9.108.165.10
229,146.28.65.103
230,129.104.41.25
231,109.232.51.138
232,9.243.7.109
233,109.124.130.31
234,66.229.73.76
235,205.24.189.57
236,232.123.235.138
237,211.98.2.77
238,104.39.116.117
239,96.158.51.45
240,206.34.226.122
241,35.20.241.30
242,199.157.158.135
243,247.115.115.185
244,61.61.157.29
245,201.10.57.46
246,62.169.115.230
247,210.97.113.34
248,170.8.200.161
249,164.196.82.124
250,143.250.68.245
251,112.41.145.76
252,218.93.175.217
253,42.127.172.145
254,234.247.150.91
255,155.0.55.234
256,22.11.158.2
257,31.215.128.107
258,109.42.147.103
259,58.215.17.106
260,196.102.80.59
261,154.26.145.143
262,95.230.79.191
263,239.84.157.163
264,235.51.251.241
265,103.121.82.11
266,49.220.0.13
267,16.74.11.78
268,171.20.167.236
269,155.148.35.150
270,51.223.187.236
271,207.101.60.124
272,187.192.154.80
273,215.71.40.238
274,173.77.208.221
275,234.214.199.210
276,98.186.64.155
277,110.131.248.127
278,78.213.65.168
279,144.5.111.27
280,246.158.236.72
281,245.230.152.197
282,154.114.154.190
283,57.45.98.80
284,72.69.195.122
285,136.221.22.151
286,226.165.111.240
287,218.169.235.139
288,146.126.84.43
289,89.197.164.61
290,152.141.36.157
291,140.92.74.112
292,124.36.124.112
293,161.217.250.82
294,242.10.5.24
295,231.214.21.132
296,230.135.64.29
297,228.92.186.168
298,219.149.3.73
299,75.124.101.52
300,43.157.79.136
301,174.208.56.137
302,57.187.91.136
303,122.81.133.89
304,50.187.93.108
305,205.92.203.180
306,227.97.189.28
307,77.97.244.108
308,51.142.56.63
309,207.46.232.234
310,95.143.57.161
311,116.189.210.184
312,190.203.89.157
313,224.224.62.165
314,6.63.118.217
315,118.17.28.249
316,246.236.131.27
317,93.144.143.185
318,114.89.6.100
319,85.68.245.87
320,76.149.190.59
321,50.243.234.19
322,235.118.86.83
323,113.62.218.148
324,59.6.50.216
325,250.166.45.243
326,235.247.141.143
327,95.185.227.10
328,193.70.215.210
329,131.91.1.114
330,252.58.68.150
331,133.113.3.141
332,230.99.69.223
333,95.172.54.65
334,41.60.229.132
335,255.194.112.228
336,142.103.166.106
337,131.73.5.234
338,130.89.148.59
339,140.117.158.184
340,164.27.217.35
341,152.97.197.204
342,26.59.22.155
343,167.204.128.189
344,148.214.43.242
345,173.27.204.178
346,140.181.13.22
347,150.120.97.183
348,111.232.225.73
349,23.170.87.113
350,19.139.242.127
351,84.41.83.235
352,9.213.22.86
353,11.41.191.139
354,64.140.169.84
355,250.179.45.82
356,32.161.226.73
357,223.202.138.241
358,162.0.232.97
359,144.190.145.6
360,188.138.29.135
361,29.234.127.13
362,67.202.91.101
363,69.40.33.72
364,98.114.69.24
365,218.121.53.84
366,239.95.105.254
367,242.49.192.186
368,232.198.30.135
369,156.248.244.34
370,211.27.117.173
371,219.26.116.106
372,215.28.78.197
373,129.68.140.28
374,158.214.121.142
375,206.71.144.234
376,106.209.169.23
377,236.21.176.88
378,240.14.78.139
379,74.160.189.23
380,94.206.42.179
381,230.14.192.79
382,63.95.167.118
383,52.151.50.223
384,17.90.153.97
385,218.97.87.110
386,68.96.36.227
387,63.53.24.64
388,111.85.12.77
389,23.53.57.144
390,33.12.202.210
391,251.233.237.103
392,24.71.213.195
393,147.30.210.50
394,39.152.228.186
395,209.255.196.157
396,249.72.220.182
397,16.155.112.0
398,248.212.208.209
399,26.178.80.31
400,251.105.17.102
401,169.227.183.215
402,121.200.42.182
403,172.105.99.120
404,73.126.226.59
405,160.28.138.6
406,76.133.10.142
407,3.188.222.173
408,120.14.32.70
409,41.200.24.11
410,86.66.242.68
411,86.1.64.98
412,19.223.119.70
413,136.237.53.251
414,89.130.166.180
415,83.69.170.164
416,239.72.103.54
417,20.87.65.152
418,4.135.222.238
419,33.174.80.210
420,16.159.16.225
421,98.227.156.191
422,109.69.87.166
423,156.16.133.146
424,49.133.197.191
425,76.192.0.81
426,159.50.94.77
427,1.4.107.51
428,72.249.168.164
429,80.2.38.48
430,35.209.254.208
431,143.232.236.67
432,59.157.217.231
433,41.142.9.2
434,44.229.91.120
435,129.29.48.202
436,202.164.205.43
437,89.188.78.17
438,18.247.197.197
439,194.145.64.85
440,239.59.121.87
441,109.176.80.79
442,39.235.208.52
443,182.130.209.223
444,176.59.224.15
445,182.72.128.249
446,165.187.248.27
447,185.86.153.32
448,177.70.218.26
449,177.240.196.63
450,251.30.145.216
451,86.180.176.238
452,212.188.156.120
453,115.205.90.6
454,147.31.44.108
455,173.114.195.236
456,69.122.138.241
457,148.106.154.179
458,152.21.66.133
459,149.70.174.135
460,240.142.96.201
461,116.133.183.174
462,82.176.247.29
463,170.118.245.37
464,248.17.148.204
465,246.251.152.219
466,98.42.81.165
467,21.52.61.130
468,41.159.250.73
469,230.217.232.27
470,233.80.123.123
471,176.158.85.214
472,13.86.147.220
473,120.122.78.184
474,178.70.137.235
475,195.7.107.202
476,156.14.63.10
477,69.84.70.31
478,129.36.49.168
479,47.116.193.186
480,238.149.39.88
481,176.90.28.216
482,213.8.36.37
483,37.251.122.162
484,165.58.219.74
485,26.64.31.46
486,86.116.2.170
487,16.8.32.120
488,224.28.186.60
489,217.241.53.97
490,25.114.61.203
491,134.6.1.115
492,56.70.164.79
493,13.222.187.181
494,39.187.73.217
495,72.38.87.154
496,223.105.253.12
497,24.239.214.106
498,146.37.55.151
499,64.36.194.128
500,116.19.43.81
